{"stat.pickup.minecraft.stone_pressure_plate":9,"stat.pickup.minecraft.redstone_torch":3,"stat.leaveGame":15,"stat.drop.minecraft.redstone":2,"stat.useItem.minecraft.diamond_sword":4,"stat.swimOneCm":7911,"stat.useItem.minecraft.gray_shulker_box":7,"stat.craftItem.minecraft.stone_pressure_plate":1,"stat.pickup.minecraft.glass":2,"stat.enderchestOpened":1,"stat.useItem.minecraft.redstone_torch":69,"stat.useItem.minecraft.obsidian":169,"stat.useItem.minecraft.dirt":89,"stat.useItem.minecraft.water_bucket":10,"stat.pickup.minecraft.bucket":1,"stat.useItem.minecraft.rail":53,"stat.flyOneCm":474442,"stat.pickup.minecraft.redstone":18,"stat.timeSinceDeath":206,"stat.useItem.minecraft.fence_gate":4,"stat.useItem.minecraft.sign":25,"stat.useItem.minecraft.spawn_egg":3,"stat.useItem.minecraft.iron_door":8,"stat.trappedChestTriggered":15,"stat.useItem.minecraft.lever":30,"stat.pickup.minecraft.dark_oak_door":2,"stat.furnaceInteraction":8,"stat.pickup.minecraft.wooden_button":2,"stat.pickup.minecraft.string":2,"stat.useItem.minecraft.silver_shulker_box":8,"stat.useItem.minecraft.minecart":19,"stat.useItem.minecraft.redstone":88,"stat.drop.minecraft.obsidian":1,"stat.useItem.minecraft.trapdoor":1,"stat.sprintOneCm":2050,"stat.useItem.minecraft.fence":2,"stat.drop.minecraft.stone_pressure_plate":2,"stat.useItem.minecraft.dark_oak_door":46,"stat.useItem.minecraft.bed":3,"stat.pickup.minecraft.potion":3,"stat.useItem.minecraft.flint_and_steel":11,"stat.pickup.minecraft.grass":4,"stat.useItem.minecraft.wooden_button":9,"stat.useItem.minecraft.stone_pressure_plate":45,"stat.useItem.minecraft.diamond_pickaxe":1,"stat.useItem.minecraft.ender_eye":12,"stat.useItem.minecraft.bucket":8,"stat.pickup.minecraft.lever":17,"stat.deaths":32,"stat.drop":19,"stat.playOneMinute":477257,"stat.pickup.minecraft.stone_button":1,"stat.drop.minecraft.chest":2,"stat.diveOneCm":49067,"stat.chestOpened":22,"stat.useItem.minecraft.sticky_piston":6,"stat.pickup.minecraft.sign":3,"stat.useItem.minecraft.stone":802,"stat.useItem.minecraft.ender_chest":1,"stat.pickup.minecraft.obsidian":4,"stat.useItem.minecraft.white_shulker_box":5,"stat.useItem.minecraft.potion":15,"stat.useItem.minecraft.bedrock":228,"stat.jump":1906,"stat.fallOneCm":2849,"stat.drop.minecraft.stone":64,"stat.useItem.minecraft.trapped_chest":13,"stat.crouchOneCm":9735,"stat.pickup.minecraft.rail":1,"stat.mineBlock.minecraft.chest":5,"stat.pickup.minecraft.dirt":10,"stat.useItem.minecraft.stone_button":2,"stat.craftingTableInteraction":6,"stat.useItem.minecraft.glass":259,"stat.pickup.minecraft.command_block":5,"stat.useItem.minecraft.golden_rail":155,"stat.damageTaken":1970,"stat.pickup.minecraft.written_book":2,"stat.useItem.minecraft.furnace":2,"stat.pickup.minecraft.bed":3,"stat.useItem.minecraft.end_portal_frame":20,"stat.pickup.minecraft.wheat_seeds":3,"stat.damageDealt":219,"stat.sleepInBed":9,"stat.useItem.minecraft.crafting_table":2,"stat.pickup.minecraft.minecart":2,"stat.useItem.minecraft.command_block":58,"stat.pickup.minecraft.flint_and_steel":3,"stat.walkOneCm":551910,"stat.useItem.minecraft.torch":16,"stat.useItem.minecraft.chest":12,"stat.useItem.minecraft.cobblestone":3,"stat.useItem.minecraft.tnt":950,"stat.mineBlock.minecraft.trapped_chest":2,"stat.useItem.minecraft.lava_bucket":96,"stat.minecartOneCm":37471,"stat.drop.minecraft.sign":1,"stat.pickup.minecraft.bedrock":3,"stat.useItem.minecraft.redstone_block":4,"stat.pickup.minecraft.stone":2251,"stat.shulkerBoxOpened":30,"stat.pickup.minecraft.barrier":7,"stat.drop.minecraft.trapped_chest":3,"stat.drop.minecraft.lever":3,"stat.useItem.minecraft.barrier":182,"stat.killEntity.Spider":1,"stat.mobKills":1,"stat.useItem.minecraft.wooden_pressure_plate":2,"stat.pickup.minecraft.water_bucket":1,"stat.pickup.minecraft.iron_door":3,"stat.useItem.minecraft.writable_book":5,"stat.pickup.minecraft.torch":6,"stat.pickup.minecraft.red_flower":1,"stat.sneakTime":5502,"stat.pickup.minecraft.lava_bucket":4,"stat.pickup.minecraft.golden_rail":3,"stat.drop.minecraft.grass":2,"stat.pickup.minecraft.trapped_chest":16,"stat.pickup.minecraft.chest":7}